field,value
date,2025-11-04
personnel_count,4
subcontractors,
completed_tasks,"crew total ~ 38 (incl. 4 supervisors)
Contractor remarks: Subcontractor - ""Gulf HVAC"" present; subcontractor: ""Rebar Masters""
done today:
 • slab L3 pour finished @ 14:10
 • core wall rebar fixing completed (Tower B, grid B2–B5)"
issues,"problems / notes:
 - material shortage (drywall) still ongoing -> affects corridor L2
 - near miss reported at 10:25: helper slipped near wet area; no injury
 - crane-2 short halt ~20 min (electrical reset)"
safety_observations,"problems / notes:
 - material shortage (drywall) still ongoing -> affects corridor L2
 - near miss reported at 10:25: helper slipped near wet area; no injury
 - crane-2 short halt ~20 min (electrical reset) | safety:
 - 2x workers reminded on eye protection
 - PPE overall good; helmets observed across all zones"
